APPOLONIA;Lucas;SISR
AVRILLON;Benoît;SLAM
BARBAL;Arno;SISR
BEDOUILLAT;Thomas;SLAM
BETEND;Thibault;SLAM
BOUILLON;Lino;SISR
CHABRUT;Clément;SISR
CHAMKHIA;Dylan;SLAM
CLARIN;Charles;SLAM
DEBOURG;Rémi;SISR
DEQUIDT;Emmanuel;SISR
FLORIDO DA SILVA;Rafael David;SISR
GARNIER;Tristan;SLAM
KANKANEN;Sami;SISR
MERMET;Hugo;SISR
MEROLLI;Jason;SISR
MORIN;Jordan;SLAM
NINNI;Lino;SLAM
PIERRE;Léo;SLAM
PLATET;Sylvain;SLAM
RATAHIRY;Julien;SLAM
SABATIER;Tristan;SLAM
TANIER;Adil;SLAM
VIEIRA;Mael;SISR
