nom,prenom,num_licence,username
BAYE,François,743915,francois.baye
BAYE,Valentin,743924,valentin.baye
MARBIER,Christophe,745272,christophe.marbier
BOVILLE,Arthur,744401,arthur.boville
FERRET,Laurent,741092,laurent.ferret
KOLUKTAS,Umur,745700,umur.koluktas
FURNET,Julien,746069,julien.furnet
CABERT,René,746169,rene.cabert
REVILLET,Pascal,746541,pascal.revillet
REVILLET,Robert,741090,robert.revillet
LARC,Romain,746534,romain.larc
NORMIER,Cyril,746533,cyril.normier
CROMON,Josselin,425707,josselin.cromon
CROMON,Léo,747048,leo.cromon
CROMON,Philippe,746538,philippe.cromon
BALIFARD,Romain,745698,romain.balifard
DEFRANCE,Pierre,747246,pierre.defrance
MERIDIENNE,Isabelle,741190,isabelle.meridienne
TENIGER,Etienne,745701,etienne.teniger
MAGNIN,Jérémy,748253,jeremy.magnin
FANON,Gilles,746714,gilles.fanon
PAVRE,Denis,745161,denis.pavre
PAVRE,Gabriel,742543,gabriel.pavre
VAUGAIN,Maxime,747913,maxime.vaugain
NARDOS,Michel,744319,michel.nardos
LAYDERNIER,Henry,697696,henry.laydernier
LAYDERNIER,Pierre,748721,pierre.laydernier
LIMOUSIN,Joël,747898,joel.limousin
LORENZELLI,Bruno,748723,bruno.lorenzelli
MARTIGNIAT,Aymeric,747798,aymeric.martigniat
MARTINEZ,Aurélien,746562,aurelien.martinez
MUGNIER,Geoffrey,746880,geoffrey.mugnier
TIGAUD,Stéphane,749506,stephane.tigaud
SATTORI,Yves,748043,yves.sattori
HESE,Benoit,747912,benoit.hese
MORNAY,Jean-louis,747171,jean-louis.mornay
VACCARO,Gilles,748164,gilles.vaccaro
VIGUIER,Jason,747298,jason.viguier
BEISSE,Mickaël,748202,mickael.beisse
ZIMMERMANN,Louis,744429,louis.zimmermann
ZIMMERMANN,Félix,748953,felix.zimmermann
